{"kt": 2.454747091632026, "error_gain_ratio": 0.7417302141834798, "R": 4.883221372447431, "armature": 0.02810425663223376, "q_offset": -0.01209107362347106, "max_velocity": 4.461549091519437, "friction_base": 0.08929280046054751, "friction_viscous": 0.04879257231754709, "score": 0.024439271513618906, "trial_number": 4998,"model": "m1", "actuator": "sts3215_12v"}