{"kt": 1.7354403555669147, "error_gain_ratio": 0.521553864110993, "R": 2.377267035878706, "armature": 0.02788203117671844, "q_offset": -0.015401703606182676, "max_velocity": 4.468458769526172, "friction_base": 0.013653574462777382, "friction_stribeck": 0.19902632328916517, "dtheta_stribeck": 0.40049771921427463, "alpha": 0.5210450346807625, "friction_viscous": 0.0690861480996426, "model": "m2", "actuator": "sts3215_12v"}