{"kt": 2.400022432716472, "error_gain_ratio": 0.7422933971337621, "R": 4.258636388542877, "armature": 0.026663718048138448, "q_offset": -0.01003340273987259, "max_velocity": 4.422393621916051, "friction_base": 0.08460294267555792, "load_friction_base": 0.08191739202646638, "friction_viscous": 0.03845402077442851, "score": 0.023730435865997063, "trial_number": 4998, "model": "m3", "actuator": "sts3215_12v"}