{"kt": 2.102583780929481, "error_gain_ratio": 0.6437046215900535, "R": 3.3233854389079416, "armature": 0.027079478176088495, "q_offset": -0.012038794910870773, "max_velocity": 4.431074953601607, "friction_base": 0.059002916658638174, "friction_stribeck": 0.13130973091729328, "load_friction_base": 0.05227530876656511, "load_friction_stribeck": 0.17947540328433018, "dtheta_stribeck": 0.04880906303612941, "alpha": 1.1167360502549448, "friction_viscous": 0.05151609866105847, "model": "m4", "actuator": "sts3215_12v"}