{"kt": 1.916207749044747, "error_gain_ratio": 0.5812137159922759, "R": 2.7411899624014366, "armature": 0.026411143314683992, "q_offset": -0.01096017590999146, "max_velocity": 4.434573147010004, "friction_base": 0.07011580269002035, "friction_stribeck": 0.08454615266487325, "load_friction_motor": 0.018597607624433087, "load_friction_external": 0.07162371193056165, "load_friction_motor_stribeck": 0.09308659719815783, "load_friction_external_stribeck": 0.1875798696257652, "dtheta_stribeck": 0.07718298472244237, "alpha": 2.0262136889511733, "friction_viscous": 0.044851962768487956, "score": 0.023357552712435944, "trial_number": 4998, "model": "m5", "actuator": "sts3215_12v"}