{"kt": 2.1565423313973926, "error_gain_ratio": 0.6588726148621423, "R": 3.44999529161435, "armature": 0.02699165586800212, "q_offset": -0.012382197730680056, "max_velocity": 4.412740945138078, "friction_base": 0.009271131273899611, "friction_stribeck": 0.06690771098300549, "load_friction_motor": 0.008313037291675313, "load_friction_external": 0.0012042858793986108, "load_friction_motor_stribeck": 0.028451085236676343, "load_friction_external_stribeck": 0.16066820230797393, "load_friction_motor_quad": 0.008625070275764132, "load_friction_external_quad": 0.002246299015970498, "dtheta_stribeck": 1.7051702782617657, "alpha": 1.0380543366135861, "friction_viscous": 0.06486823385530759, "score": 0.023605127475556507, "trial_number": 4998,"model": "m6", "actuator": "sts3215_12v"}