{"kt": 2.655159021949133, "R": 4.390307981792371, "armature": 0.014376833235471145, "q_offset": 0.057067829248737434, "friction_base": 1.422802604279253e-13, "friction_viscous": 0.054592361937820244,  "score": 0.032936295665365274, "trial_number": 4998,"model": "m1", "actuator": "sts3250"}