{"kt": 2.628375181915197, "R": 2.2122735423022863, "armature": 0.008511870872501204, "q_offset": 0.013081393188651674, "friction_base": 1.3892830868095233e-09, "load_friction_base": 0.36869984476415557, "friction_viscous": 0.012926020101972671,  "score": 0.030704301481296166, "trial_number": 4998,"model": "m3", "actuator": "sts3250"}