{"kt": 2.6218755384339856, "R": 2.181206006117473, "armature": 0.008188877355288296, "q_offset": 0.009431457863004422, "friction_base": 2.747347248830658e-10, "friction_stribeck": 0.09744095662830594, "load_friction_base": 0.36371002461707425, "load_friction_stribeck": 0.3049767217221174, "dtheta_stribeck": 0.012566003443399979, "alpha": 1.3278966674272228, "friction_viscous": 0.013861092118194826,  "score": 0.030433914079491774, "trial_number": 4998,"model": "m4", "actuator": "sts3250"}