{"kt": 2.6561641724976086, "R": 3.4898762483556274, "armature": 0.008458935728514421, "q_offset": 0.01374147612532925, "friction_base": 1.4223176767344103e-06, "friction_stribeck": 8.157545145560575e-06, "load_friction_motor": 1.3169493547615827e-06, "load_friction_external": 0.37430858498826214, "load_friction_motor_stribeck": 4.0415704049041084e-05, "load_friction_external_stribeck": 2.1564714264877318e-05, "dtheta_stribeck": 2.2459619647724165, "alpha": 0.6937125525144751, "friction_viscous": 0.012429896059667418, "model": "m5", "actuator": "sts3250"}