{"kt": 1.099999998775409, "R": 1.7814346792997047, "armature": 0.009744554737236163, "q_offset": 0.017860572134367453, "max_velocity": 5.802598657934716, "friction_base": 0.19999980159471642, "friction_viscous": 0.017785138270027128, "score": 0.04419991877161281, "trial_number": 4998, "model": "m1", "actuator": "sts3250"}