{"kt": 1.0999999249019108, "R": 1.742133477732182, "armature": 0.009675193549895442, "q_offset": 0.02124625530701811, "max_velocity": 5.800702430620826, "friction_base": 0.007149002617435785, "friction_stribeck": 0.19999967823269238, "dtheta_stribeck": 2.99998957426845, "alpha": 2.999963828664981, "friction_viscous": 0.0522085895967562, "score": 0.043803049845346595, "trial_number": 4996, "model": "m2", "actuator": "sts3250"}