{"kt": 1.099999996844785, "R": 1.080152532914905, "armature": 0.006817940126610458, "q_offset": 0.04041501923396121, "max_velocity": 5.878170159024852, "friction_base": 0.06143023132795096, "load_friction_base": 0.339333118982138, "friction_viscous": 1.1401348228688049e-08, "score": 0.03894070186790629, "trial_number": 4996, "model": "m3", "actuator": "sts3250"}