{"kt": 1.0999997056095818, "R": 1.0764364208725312, "armature": 0.006742691353060887, "q_offset": 0.04068542905161171, "max_velocity": 5.877053964983766, "friction_base": 0.061964934457178183, "friction_stribeck": 0.031633089502406564, "load_friction_base": 0.33829964007200414, "load_friction_stribeck": 0.17190932641060264, "dtheta_stribeck": 0.01004142289066169, "alpha": 2.7520620185742253, "friction_viscous": 1.2051041194542325e-05, "score": 0.03889702142680764, "trial_number": 4995, "model": "m4", "actuator": "sts3250"}