{"kt": 1.0999594183317205, "R": 0.8519261881644303, "armature": 0.0076438720929179055, "q_offset": 0.045724481504283154, "max_velocity": 5.901271464543866, "friction_base": 0.049703893190253104, "friction_stribeck": 0.0005838786226203367, "load_friction_motor": 0.49667269350230986, "load_friction_external": 0.3079365245667331, "load_friction_motor_stribeck": 0.00017718148950331033, "load_friction_external_stribeck": 0.00028444016953640283, "dtheta_stribeck": 0.3923834774618431, "alpha": 0.6897822691413066, "friction_viscous": 0.0054598144877617315, "score": 0.03882351447132794, "trial_number": 4998, "model": "m5", "actuator": "sts3250"}