{"kt": 1.099977588216306, "R": 1.1171390518022315, "armature": 0.012139283001035341, "q_offset": 0.027881891084255372, "max_velocity": 6.0064262923017235, "friction_base": 0.04570421400422542, "friction_stribeck": 0.07897595580538387, "load_friction_motor": 0.4998043928343412, "load_friction_external": 5.943625963808361e-05, "load_friction_motor_stribeck": 0.04530693661414769, "load_friction_external_stribeck": 0.13703547145501818, "load_friction_motor_quad": 0.0073263427199117504, "load_friction_external_quad": 0.0072248463994338185, "dtheta_stribeck": 0.010207858858027451, "alpha": 1.6298840351625357, "friction_viscous": 0.054131744923606416, "score": 0.039112602416875974, "trial_number": 4996, "model": "m6", "actuator": "sts3250"}