{"kt": 3.6000919978023793, "R": 9.027211699120349, "armature": 0.026955301983553615, "q_offset": -0.01330958805611579, "friction_base": 0.04362715825639339, "load_friction_base": 0.05661989174630855, "friction_viscous": 0.053740783324918814, "model": "m3", "actuator": "sts3215v12"}