{"kt": 2.0652969847660505, "error_gain_ratio": 0.9708890275300385, "R": 4.4841928252645165, "armature": 0.039999994344879025, "q_offset": -0.09999838235460339, "max_velocity": 4.847251327287405, "friction_base": 0.14630329117654214, "friction_viscous": 0.2848819726650388, "score": 0.02124250122599008, "trial_number": 4998,"model": "m1", "actuator": "sts3215_12v"}