{"kt": 1.746205349221841, "error_gain_ratio": 0.9318986486556724, "R": 3.5819848064165685, "armature": 0.03999905225025862, "q_offset": -0.07741183579316996, "max_velocity": 4.947813811852418, "friction_base": 0.01512039617559518, "friction_stribeck": 0.19999934287689367, "dtheta_stribeck": 0.2638863177172317, "alpha": 2.113249537481515, "friction_viscous": 0.4982158792091554, "model": "m2", "actuator": "sts3215_12v"}