{"kt": 2.713215888695324, "error_gain_ratio": 0.9754099450293318, "R": 5.345951384541359, "armature": 0.03999998653410763, "q_offset": -0.059052392421245076, "max_velocity": 4.787643432233552, "friction_base": 0.05190195070311946, "load_friction_base": 0.09265657114901045, "friction_viscous": 3.6287051215340066e-07,"score": 0.02073027449880014, "trial_number": 4998, "model": "m3", "actuator": "sts3215_12v"}