{"kt": 2.765393527177915, "error_gain_ratio": 0.9514532198068968, "R": 5.192689282562167, "armature": 0.03999711999014258, "q_offset": -0.037509066284647424, "max_velocity": 4.878131943775417, "friction_base": 0.0001843886056847304, "friction_stribeck": 0.09242736083026667, "load_friction_base": 0.06479784508436862, "load_friction_stribeck": 0.045161664267626585, "dtheta_stribeck": 0.24540864816770358, "alpha": 2.9804005111255436, "friction_viscous": 3.901820112451877e-05,"score": 0.020103653464265965, "trial_number": 4998, "model": "m4", "actuator": "sts3215_12v"}