{"kt": 1.6771826745611362, "error_gain_ratio": 0.9277160025740403, "R": 3.010395979272289, "armature": 0.03998364771473106, "q_offset": -0.08076445079171521, "max_velocity": 4.912791364902767, "friction_base": 0.01925598225785748, "friction_stribeck": 0.10777524767648727, "load_friction_motor": 0.18275408936306872, "load_friction_external": 0.0003705384156788996, "load_friction_motor_stribeck": 0.0020015045841953872, "load_friction_external_stribeck": 0.5290076521287448, "dtheta_stribeck": 0.08565230692320883, "alpha": 2.8962318490889674, "friction_viscous": 0.47544532540982837, "score": 0.019470437767348553, "trial_number": 4998,"model": "m5", "actuator": "sts3215_12v"}