{"kt": 1.5342356082793565, "error_gain_ratio": 0.9321685357462779, "R": 2.6094145570245657, "armature": 0.039994901399144876, "q_offset": -0.0532056511088677, "max_velocity": 4.919131940800337, "friction_base": 0.0006481340130851836, "friction_stribeck": 0.040570411917138616, "load_friction_motor": 0.22789081833432648, "load_friction_external": 1.5822005687976645e-05, "load_friction_motor_stribeck": 0.0009672339087486667, "load_friction_external_stribeck": 0.40318556218240104, "load_friction_motor_quad": 0.004858653718723941, "load_friction_external_quad": 0.008406176140154884, "dtheta_stribeck": 0.07137276823029864, "alpha": 1.410181234783829, "friction_viscous": 0.5529476252453694, "score": 0.019689670321991516, "trial_number": 4998,"model": "m6", "actuator": "sts3215_12v"}