{"kt": 1.9481178004507635, "R": 2.7554202500614493, "armature": 0.014265666834579369, "q_offset": 0.05086524557746916, "max_velocity": 8.013057880410834, "friction_base": 0.0001655675138131945, "friction_viscous": 0.055544615177901456, "score": 0.029874481228515437, "trial_number": 1517, "model": "m1", "actuator": "sts3250"}