{"kt": 1.7705582964952922, "error_gain_ratio": 0.8817910293428735, "R": 2.065304804421958, "armature": 0.012800168500263347, "q_offset": 0.06548662012321038, "max_velocity": 7.662468472233634, "friction_base": 7.439884230410083e-09, "friction_stribeck": 0.16006848090934098, "dtheta_stribeck": 0.09653241259384446, "alpha": 2.0294912157181755, "friction_viscous": 0.05467599177400791, "score": 0.02883589417074086, "trial_number": 4997, "model": "m2", "actuator": "sts3250"}