{"kt": 1.8100218236054575, "error_gain_ratio": 0.9367816162718516, "R": 1.2844713435222797, "armature": 0.007592025385589339, "q_offset": 0.022674461838883914, "max_velocity": 7.385694252801276, "friction_base": 0.005023757560035487, "load_friction_base": 0.33083735869066005, "friction_viscous": 0.01561769353142213, "score": 0.02668370926945308, "trial_number": 4993, "model": "m3", "actuator": "sts3250"}