{"kt": 1.807190166984274, "error_gain_ratio": 0.9422827695339719, "R": 1.2093664607206511, "armature": 0.006527266361102986, "q_offset": 0.01467902360492912, "max_velocity": 7.309624265428874, "friction_base": 0.00039291393117963893, "friction_stribeck": 0.051001868257613485, "load_friction_base": 0.3490338405527264, "load_friction_stribeck": 4.887300375383789e-05, "dtheta_stribeck": 1.5900006133872284, "alpha": 1.5704729405254183, "friction_viscous": 0.01545189346442934, "score": 0.026730929523968005, "trial_number": 4993, "model": "m4", "actuator": "sts3250"}