{"kt": 1.8270811589336409, "error_gain_ratio": 0.9345861117978405, "R": 1.870528843285581, "armature": 0.0071371865307160364, "q_offset": 0.02080130769312219, "max_velocity": 7.422015746536128, "friction_base": 0.006742447729884787, "friction_stribeck": 0.045326010335603344, "load_friction_motor": 2.497731862630885e-05, "load_friction_external": 0.34834515303452673, "load_friction_motor_stribeck": 0.00014102739756638834, "load_friction_external_stribeck": 3.262876414503833e-06, "dtheta_stribeck": 0.21315022674811201, "alpha": 0.6498996316546314, "friction_viscous": 0.013572549667329722, "score": 0.026292640322637315, "trial_number": 4997, "model": "m5", "actuator": "sts3250"}