{"kt": 1.8224652614973815, "error_gain_ratio": 0.9332637845664354, "R": 1.8652619562223682, "armature": 0.0071589767266349745, "q_offset": 0.020857374094338382, "max_velocity": 7.426817807954675, "friction_base": 0.0028099362553280294, "friction_stribeck": 0.01790586924792563, "load_friction_motor": 8.902612406919868e-05, "load_friction_external": 0.3467510870965687, "load_friction_motor_stribeck": 9.80110612835202e-05, "load_friction_external_stribeck": 3.4849268660194505e-05, "load_friction_motor_quad": 0.002789890755972163, "load_friction_external_quad": 0.006446665517815461, "dtheta_stribeck": 1.601522517363339, "alpha": 2.148964422032625, "friction_viscous": 0.014538275469841133, "score": 0.026297185832963768, "trial_number": 4998, "model": "m6", "actuator": "sts3250"}