{"kt": 2.658933928783676, "R": 4.2778112411069635, "armature": 0.01427243315073713, "q_offset": 0.05791671397449216, "friction_base": 4.5279444031997677e-13, "friction_stribeck": 0.15081772153684744, "dtheta_stribeck": 0.07487150633801752, "alpha": 1.958622265779099, "friction_viscous": 0.05446116434193235, "model": "m2", "actuator": "sts3250"}