{"kt": 1.0005874626213263, "R": 1.3890462492623645, "armature": 0.03999977737144798, "q_offset": -0.09617589756631056, "max_velocity": 8.93762009169868, "friction_base": 0.19999504581400715, "friction_viscous": 0.6256393187557033, "score": 0.021825927001042567, "trial_number": 4995, "model": "m1", "actuator": "sts3250"}