{"kt": 1.0025005359057135, "R": 1.3033159121987539, "armature": 0.039999854016697936, "q_offset": -0.09997855629137324, "max_velocity": 8.683947196841883, "friction_base": 0.19999573732746345, "friction_stribeck": 0.17708014992025317, "dtheta_stribeck": 0.5566417487322255, "alpha": 0.5000958461561987, "friction_viscous": 0.6578229041943381, "score": 0.021659409452862995, "trial_number": 4999, "model": "m2", "actuator": "sts3250"}