{"kt": 1.0999999957457818, "R": 1.3885037135758198, "armature": 0.039999999931445394, "q_offset": -0.09690736416276459, "max_velocity": 8.610294621014713, "friction_base": 0.18851447043129377, "load_friction_base": 0.07782353333080219, "friction_viscous": 0.5440237812680806, "score": 0.02121857036314939, "trial_number": 4994, "model": "m3", "actuator": "sts3250"}