{"kt": 1.0994855682287412, "R": 1.3806471046314437, "armature": 0.03999993784945623, "q_offset": -0.07422352355036375, "max_velocity": 8.511413476342232, "friction_base": 0.12306058061477232, "friction_stribeck": 0.00010985520869379686, "load_friction_base": 0.000649062127012495, "load_friction_stribeck": 0.10096870334411663, "dtheta_stribeck": 1.31522659211745, "alpha": 2.5750646283874836, "friction_viscous": 0.6163381885320429, "score": 0.02113385346213081, "trial_number": 4997, "model": "m4", "actuator": "sts3250"}