{"kt": 1.0816957303232293, "R": 1.2400224304780278, "armature": 0.039997893991326514, "q_offset": -0.091301835235375, "max_velocity": 9.222690380863142, "friction_base": 0.14063782817058204, "friction_stribeck": 0.024015733893653038, "load_friction_motor": 0.23823786005353156, "load_friction_external": 5.5712498830913585e-05, "load_friction_motor_stribeck": 0.04416144600370109, "load_friction_external_stribeck": 0.14404217071921369, "dtheta_stribeck": 0.010088940700519659, "alpha": 1.875566162359483, "friction_viscous": 0.5340177195262668, "score": 0.020978629085780083, "trial_number": 4999, "model": "m5", "actuator": "sts3250"}