{"kt": 1.0621035837761907, "R": 1.2941882549860493, "armature": 0.03999986750770299, "q_offset": -0.011676725720958847, "max_velocity": 8.59359707409921, "friction_base": 0.04978016152808182, "friction_stribeck": 0.13233286447065393, "load_friction_motor": 7.033822110697391e-06, "load_friction_external": 0.28654808415961763, "load_friction_motor_stribeck": 0.000782269173045474, "load_friction_external_stribeck": 0.6670408309735762, "load_friction_motor_quad": 0.008049310376386707, "load_friction_external_quad": 0.00498797437092432, "dtheta_stribeck": 0.02924451928327222, "alpha": 2.5874626070372995, "friction_viscous": 0.6503477704071557, "score": 0.020613102572907747, "trial_number": 4997, "model": "m6", "actuator": "sts3250"}