{"kt": 2.64175153363446, "R": 3.4002272158025755, "armature": 0.008049433273002293, "q_offset": 0.005854556703895286, "friction_base": 1.687509618663902e-07, "friction_stribeck": 0.1209580403978054, "load_friction_motor": 3.5689311383399396e-07, "load_friction_external": 0.38347105381864716, "load_friction_motor_stribeck": 0.5503741822379429, "load_friction_external_stribeck": 3.29853275018124e-06, "load_friction_motor_quad": 0.006667979391619064, "load_friction_external_quad": 0.0027102385743176015, "dtheta_stribeck": 0.022647125761700523, "alpha": 2.959164263353875, "friction_viscous": 0.012227709617860084, "model": "m6", "actuator": "sts3250"}