{"kt": 2.5647531829664176, "error_gain_ratio": 0.9552478230018, "R": 5.268709807152487, "armature": 0.026176125067127395, "q_offset": -0.010544597658174656, "max_velocity": 4.553032829809528, "friction_base": 0.09090098640882, "friction_viscous": 0.04809831286437513, "model": "m1", "actuator": "sts3215_12v"}