{"kt": 2.648084416258701, "error_gain_ratio": 0.961966616997534, "R": 5.356549338563097, "armature": 0.026022030557805297, "q_offset": -0.01304072182238665, "max_velocity": 4.687518649281523, "friction_base": 0.050690061988985395, "friction_stribeck": 0.17209903872699606, "dtheta_stribeck": 0.13955466298979435, "alpha": 2.707144059795188, "friction_viscous": 0.061919538721031314, "score": 0.023660802446257075, "trial_number": 4998,"model": "m2", "actuator": "sts3215_12v"}