{"kt": 2.5336628321577517, "error_gain_ratio": 0.9733479995984704, "R": 4.793167906183636, "armature": 0.02461086934087039, "q_offset": -0.00948999886218689, "max_velocity": 4.467076121926953, "friction_base": 0.09300481662176711, "load_friction_base": 0.07448043154668894, "friction_viscous": 0.036720500496275406, "model": "m3", "actuator": "sts3215_12v"}