{"kt": 2.5313154306341543, "error_gain_ratio": 0.9554277000710851, "R": 4.762575106131765, "armature": 0.025307667520465312, "q_offset": -0.012236012833979376, "max_velocity": 4.498811906159758, "friction_base": 0.06445491112096337, "friction_stribeck": 0.11142684542330142, "load_friction_base": 0.050524865042658185, "load_friction_stribeck": 0.12471615495192695, "dtheta_stribeck": 0.03328997197739388, "alpha": 0.5472490404527748, "friction_viscous": 0.04983184175912609, "score": 0.023331191214793743, "trial_number": 4998,"model": "m4", "actuator": "sts3215_12v"}