{"kt": 2.4931541325726445, "error_gain_ratio": 0.9493155911250549, "R": 4.607184078754522, "armature": 0.026522996843445862, "q_offset": -0.018586920310438987, "max_velocity": 4.5240050599986965, "friction_base": 0.0393077326714278, "friction_stribeck": 0.06591139440152885, "load_friction_motor": 0.13467513398289235, "load_friction_external": 0.0003592361144116071, "load_friction_motor_stribeck": 0.021832308267235243, "load_friction_external_stribeck": 0.15840769789715267, "dtheta_stribeck": 0.0685092748953199, "alpha": 0.8153659381985608, "friction_viscous": 0.06611150593755334, "model": "m5", "actuator": "sts3215_12v"}