{"kt": 2.5730960876591267, "error_gain_ratio": 0.9545608354016387, "R": 4.780767331730637, "armature": 0.026343765205511703, "q_offset": -0.020744256930776764, "max_velocity": 4.573123776102339, "friction_base": 0.03431243917605544, "friction_stribeck": 0.1394747998099811, "load_friction_motor": 0.10352099926985736, "load_friction_external": 0.006184672454881605, "load_friction_motor_stribeck": 0.04054967013606402, "load_friction_external_stribeck": 0.10937911390308247, "load_friction_motor_quad": 0.0010116117876042404, "load_friction_external_quad": 0.007611970164648396, "dtheta_stribeck": 0.06580108139494217, "alpha": 0.6428870563795512, "friction_viscous": 0.06737224351261117, "model": "m6", "actuator": "sts3215_12v"}