{"kt": 3.634805774509037, "R": 9.784809034276668, "armature": 0.027688893594746772, "q_offset": -0.01628360005292734, "friction_base": 0.006867898305963405, "friction_stribeck": 0.1998979141618188, "dtheta_stribeck": 0.1432382997896992, "alpha": 2.6700587108095992, "friction_viscous": 0.07419365466389047, "model": "m2", "actuator": "sts3215v12"}