{"kt": 3.644392269842212, "R": 8.78872549984459, "armature": 0.026562450412688003, "q_offset": -0.015349145346086168, "friction_base": 0.02343128488450586, "friction_stribeck": 0.11993431270067341, "load_friction_base": 0.04760430637691601, "load_friction_stribeck": 0.2975146535010436, "dtheta_stribeck": 0.05531727680943176, "alpha": 0.8707805280644854, "friction_viscous": 0.0616252905327677, "model": "m4", "actuator": "sts3215v12"}