{"kt": 2.4999999999996523, "R": 5.489246456058958, "armature": 0.02589685337959662, "q_offset": -0.00799183454004751, "max_velocity": 4.418515204711161, "friction_base": 0.1143434595627902, "friction_viscous": 0.040757739820525773, "score": 0.024764133716780202, "trial_number": 4998, "model": "m1", "actuator": "sts3215_12v"}