{"kt": 2.499998795763736, "R": 5.393627772978405, "armature": 0.02578676080578943, "q_offset": -0.01114687902150338, "max_velocity": 4.412732837331767, "friction_base": 0.0013574616249913928, "friction_stribeck": 0.19990331803223316, "dtheta_stribeck": 1.0856300517489508, "alpha": 0.5000682496028556, "friction_viscous": 0.06420206317993896, "score": 0.02441243865695275, "trial_number": 4995, "model": "m2", "actuator": "sts3215_12v"}