{"kt": 2.4999999999999005, "R": 4.930157978044216, "armature": 0.024602824133246125, "q_offset": -0.0087852561264323, "max_velocity": 4.403882102285221, "friction_base": 0.09789180926539481, "load_friction_base": 0.07580927275391482, "friction_viscous": 0.03498562514373862, "score": 0.023972011200812392, "trial_number": 4999, "model": "m3", "actuator": "sts3215_12v"}