{"kt": 2.499687714026506, "R": 4.857878001115325, "armature": 0.024605470037205247, "q_offset": -0.008466382073574572, "max_velocity": 4.397899524418551, "friction_base": 0.08804902141452364, "friction_stribeck": 0.05860023532932768, "load_friction_base": 0.06495582960199912, "load_friction_stribeck": 0.02363344049765903, "dtheta_stribeck": 0.12672928137068656, "alpha": 0.5029915713664701, "friction_viscous": 0.03982378219200184, "score": 0.023852159322823197, "trial_number": 4998, "model": "m4", "actuator": "sts3215_12v"}