{"kt": 2.499813233034894, "R": 4.217242082155744, "armature": 0.026058593138861857, "q_offset": -0.012938300520726934, "max_velocity": 4.441553533416412, "friction_base": 0.04886777254648315, "friction_stribeck": 0.09186875282945622, "load_friction_motor": 0.26804170376374326, "load_friction_external": 8.62145485438589e-05, "load_friction_motor_stribeck": 0.06133619525801225, "load_friction_external_stribeck": 0.3266315758020057, "dtheta_stribeck": 0.05922125861898085, "alpha": 2.130495325999458, "friction_viscous": 0.06219056199077731, "score": 0.02355230523236811, "trial_number": 4998, "model": "m5", "actuator": "sts3215_12v"}