{"kt": 2.499954225466741, "R": 4.498804275230573, "armature": 0.026441016214516444, "q_offset": -0.014444065093512148, "max_velocity": 4.4323892854954465, "friction_base": 0.03787313870182063, "friction_stribeck": 0.06836946971374838, "load_friction_motor": 0.19771013708205715, "load_friction_external": 0.00021300713715927605, "load_friction_motor_stribeck": 0.037367836307292464, "load_friction_external_stribeck": 0.0024462517926699743, "load_friction_motor_quad": 0.004824450422052532, "load_friction_external_quad": 0.00033990129229370203, "dtheta_stribeck": 0.6995052795628538, "alpha": 0.5004053480787709, "friction_viscous": 0.06267851120509843, "score": 0.023730989450540228, "trial_number": 4997, "model": "m6", "actuator": "sts3215_12v"}