{"kt": 3.6070648958284464, "R": 9.817457446450632, "armature": 0.027772754874253427, "q_offset": -0.013635714684196248, "friction_base": 0.05283175681661876, "friction_viscous": 0.05902373678644679, "score": 0.03233469813313716, "trial_number": 4998, "model": "m1", "actuator": "sts3215v12"}