{"kt": 3.5627403264458, "R": 7.572300973831643, "armature": 0.02825455347700246, "q_offset": -0.014635507689475885, "friction_base": 0.00032609339427433384, "friction_stribeck": 0.11929819160399074, "load_friction_motor": 0.23879093542726385, "load_friction_external": 9.853631422503252e-05, "load_friction_motor_stribeck": 0.30687183472840457, "load_friction_external_stribeck": 0.0005207597823679075, "dtheta_stribeck": 0.05700887234127092, "alpha": 0.8001556519478448, "friction_viscous": 0.0761299672186112, "model": "m5", "actuator": "sts3215v12"}