{"kt": 3.5555273246633123, "R": 7.121368321925519, "armature": 0.02826032533017913, "q_offset": -0.01404450499190868, "friction_base": 6.042148883943358e-05, "friction_stribeck": 0.08398340995916803, "load_friction_motor": 0.28917712797087186, "load_friction_external": 1.8515755263182573e-05, "load_friction_motor_stribeck": 0.298526928956707, "load_friction_external_stribeck": 4.4126842507694256e-05, "load_friction_motor_quad": 0.008904885742751424, "load_friction_external_quad": 0.0020924537807346364, "dtheta_stribeck": 0.07478287148007708, "alpha": 1.2952094485783678, "friction_viscous": 0.07619905694246727, "score": 0.030908780914591403, "trial_number": 4998, "model": "m6", "actuator": "sts3215v12"}