{"kt": 1.9495911639349608, "R": 2.6858215247741652, "armature": 0.01280910303752586, "q_offset": 0.05917786322896568, "max_velocity": 8.018159735088812, "friction_base": 0.0002596336666291985, "friction_viscous": 0.05563013815750795, "score": 0.029509861646424024, "trial_number": 4996, "model": "m1", "actuator": "sts3250"}