{"kt": 1.949241629869442, "R": 2.685461822563343, "armature": 0.012806259119867174, "q_offset": 0.059127218644421164, "max_velocity": 8.015210060786618, "friction_base": 0.0004895798771214717, "friction_viscous": 0.05558671946804576, "score": 0.0295098626480167, "trial_number": 4994, "model": "m1", "actuator": "sts3250"}