{"kt": 1.9480808612091587, "R": 2.6281283366296937, "armature": 0.012757828705709984, "q_offset": 0.06298120415187913, "max_velocity": 7.958082399906134, "friction_base": 4.353128810510986e-08, "friction_stribeck": 0.17293736088572897, "dtheta_stribeck": 0.1124756022236434, "alpha": 2.0906742014984925, "friction_viscous": 0.05519294853685041, "score": 0.029232661901916413, "trial_number": 4995, "model": "m2", "actuator": "sts3250"}