{"kt": 1.9501028049825098, "R": 2.6299085314748467, "armature": 0.012501600004923764, "q_offset": 0.06042772013616199, "max_velocity": 7.955047183381235, "friction_base": 3.4695496491735826e-07, "friction_stribeck": 0.17623863677839202, "dtheta_stribeck": 0.11398056260279041, "alpha": 2.1534845662656084, "friction_viscous": 0.05444858215525478, "score": 0.02923938379473195, "trial_number": 4997, "model": "m2", "actuator": "sts3250"}