{"kt": 1.899682868263225, "R": 1.4489330651049608, "armature": 0.007589976817575514, "q_offset": 0.024255421638676194, "max_velocity": 7.508489681704539, "friction_base": 0.008432495799540692, "load_friction_base": 0.33032823998084493, "friction_viscous": 0.014714241826538497, "score": 0.026817557544095566, "trial_number": 4996, "model": "m3", "actuator": "sts3250"}