{"kt": 1.8987154497638647, "R": 1.4939321894404491, "armature": 0.007942204627219496, "q_offset": 0.026065034376921925, "max_velocity": 7.524272736176864, "friction_base": 2.07016784104026e-11, "load_friction_base": 0.31997034355289516, "friction_viscous": 0.017679278398319988, "score": 0.026818414732523936, "trial_number": 4996, "model": "m3", "actuator": "sts3250"}