{"kt": 1.8961314961312368, "R": 1.536453949308983, "armature": 0.008259643332339571, "q_offset": 0.03070762362151505, "max_velocity": 7.535361759186063, "friction_base": 1.051917923700263e-06, "friction_stribeck": 2.2173420914360926e-06, "load_friction_base": 0.3065887905822676, "load_friction_stribeck": 8.420398012224169e-08, "dtheta_stribeck": 2.1023473606261103, "alpha": 1.7399276338855079, "friction_viscous": 0.018938315313156994, "score": 0.026825761875662567, "trial_number": 4999, "model": "m4", "actuator": "sts3250"}