{"kt": 1.8980673128917993, "R": 1.449589643148714, "armature": 0.0074986764424944076, "q_offset": 0.022442168667376805, "max_velocity": 7.4985281107851005, "friction_base": 5.057930627273787e-07, "friction_stribeck": 0.12823589841275557, "load_friction_base": 0.32642241999046534, "load_friction_stribeck": 0.25713531888633673, "dtheta_stribeck": 0.015265217905133677, "alpha": 2.985693876066932, "friction_viscous": 0.017390601335548966, "score": 0.02664310279208674, "trial_number": 4996, "model": "m4", "actuator": "sts3250"}