{"kt": 1.9248504447863928, "R": 2.1683398794233097, "armature": 0.007735168496910662, "q_offset": 0.026945578803489134, "max_velocity": 7.603131473018839, "friction_base": 3.8017813967966705e-06, "friction_stribeck": 0.1001598196158745, "load_friction_motor": 0.0002040469786413219, "load_friction_external": 0.31884416090436446, "load_friction_motor_stribeck": 0.20341205167479354, "load_friction_external_stribeck": 0.3658177192662157, "dtheta_stribeck": 0.010082862078341687, "alpha": 0.8751862066743797, "friction_viscous": 0.017598678635569447, "score": 0.0263361777846514, "trial_number": 4996, "model": "m5", "actuator": "sts3250"}