{"kt": 1.9200391146406697, "R": 2.1458871237281647, "armature": 0.00750453908072898, "q_offset": 0.02514037289238269, "max_velocity": 7.614102204403149, "friction_base": 7.5804570364435625e-06, "friction_stribeck": 0.01734556592005141, "load_friction_motor": 6.78630205160204e-05, "load_friction_external": 0.3395145538784466, "load_friction_motor_stribeck": 1.3596026975434415e-06, "load_friction_external_stribeck": 1.282145629195621e-05, "dtheta_stribeck": 2.003086529555353, "alpha": 0.663473290124805, "friction_viscous": 0.014711798235886211, "score": 0.02645103900407348, "trial_number": 4999, "model": "m5", "actuator": "sts3250"}