{"kt": 1.9170194628787365, "R": 2.1124243246820464, "armature": 0.007253012232801831, "q_offset": 0.020290688258862127, "max_velocity": 7.63025052201886, "friction_base": 0.008319584039720605, "friction_stribeck": 0.10659449782064799, "load_friction_motor": 0.003138287698386074, "load_friction_external": 0.3387685844010634, "load_friction_motor_stribeck": 0.40250916391531477, "load_friction_external_stribeck": 0.20731783333598652, "load_friction_motor_quad": 0.00029107675029965365, "load_friction_external_quad": 0.009562447736183326, "dtheta_stribeck": 0.014390007920422207, "alpha": 1.6899364202439597, "friction_viscous": 0.014334843520142979, "score": 0.026308338683513083, "trial_number": 4996, "model": "m6", "actuator": "sts3250"}